,Unnamed: 0,regiao,estado,data,casosNovos,casosAcumulados,obitosNovos,obitosAcumulados
0,61,Norte,RO,2020-03-31,2,8,1,1
1,62,Norte,RO,2020-04-01,1,9,0,1
2,63,Norte,RO,2020-04-02,1,10,0,1
3,64,Norte,RO,2020-04-03,0,10,0,1
4,65,Norte,RO,2020-04-04,1,11,0,1
5,66,Norte,RO,2020-04-05,1,12,0,1
6,67,Norte,RO,2020-04-06,2,14,0,1
7,68,Norte,RO,2020-04-07,4,18,0,1
8,69,Norte,RO,2020-04-08,0,18,0,1
9,70,Norte,RO,2020-04-09,10,28,1,2
10,71,Norte,RO,2020-04-10,4,32,0,2
11,72,Norte,RO,2020-04-11,1,33,0,2
12,73,Norte,RO,2020-04-12,2,35,0,2
13,74,Norte,RO,2020-04-13,7,42,0,2
14,75,Norte,RO,2020-04-14,22,64,0,2
15,76,Norte,RO,2020-04-15,5,69,0,2
16,77,Norte,RO,2020-04-16,7,76,1,3
17,78,Norte,RO,2020-04-17,16,92,0,3
18,79,Norte,RO,2020-04-18,18,110,0,3
19,80,Norte,RO,2020-04-19,18,128,1,4
20,81,Norte,RO,2020-04-20,32,160,0,4
21,82,Norte,RO,2020-04-21,39,199,0,4
22,83,Norte,RO,2020-04-22,24,223,1,5
23,84,Norte,RO,2020-04-23,27,250,0,5
24,85,Norte,RO,2020-04-24,40,290,0,5
25,86,Norte,RO,2020-04-25,38,328,2,7
26,155,Norte,AC,2020-04-07,0,50,1,1
27,156,Norte,AC,2020-04-08,4,54,1,2
28,157,Norte,AC,2020-04-09,8,62,0,2
29,158,Norte,AC,2020-04-10,8,70,0,2
30,159,Norte,AC,2020-04-11,2,72,0,2
31,160,Norte,AC,2020-04-12,5,77,0,2
32,161,Norte,AC,2020-04-13,13,90,1,3
33,162,Norte,AC,2020-04-14,9,99,0,3
34,163,Norte,AC,2020-04-15,2,101,0,3
35,164,Norte,AC,2020-04-16,9,110,2,5
36,165,Norte,AC,2020-04-17,25,135,0,5
37,166,Norte,AC,2020-04-18,7,142,0,5
38,167,Norte,AC,2020-04-19,21,163,1,6
39,168,Norte,AC,2020-04-20,13,176,2,8
40,169,Norte,AC,2020-04-21,19,195,0,8
41,170,Norte,AC,2020-04-22,19,214,0,8
42,171,Norte,AC,2020-04-23,13,227,2,10
43,172,Norte,AC,2020-04-24,7,234,1,11
44,173,Norte,AC,2020-04-25,24,258,0,11
45,229,Norte,AM,2020-03-25,7,54,1,1
46,230,Norte,AM,2020-03-26,13,67,0,1
47,231,Norte,AM,2020-03-27,14,81,0,1
48,232,Norte,AM,2020-03-28,30,111,0,1
49,233,Norte,AM,2020-03-29,29,140,0,1
50,234,Norte,AM,2020-03-30,11,151,0,1
51,235,Norte,AM,2020-03-31,24,175,2,3
52,236,Norte,AM,2020-04-01,25,200,0,3
53,237,Norte,AM,2020-04-02,29,229,0,3
54,238,Norte,AM,2020-04-03,31,260,4,7
55,239,Norte,AM,2020-04-04,51,311,5,12
56,240,Norte,AM,2020-04-05,106,417,2,14
57,241,Norte,AM,2020-04-06,115,532,5,19
58,242,Norte,AM,2020-04-07,104,636,4,23
59,243,Norte,AM,2020-04-08,168,804,7,30
60,244,Norte,AM,2020-04-09,95,899,10,40
61,245,Norte,AM,2020-04-10,82,981,10,50
62,246,Norte,AM,2020-04-11,69,1050,3,53
63,247,Norte,AM,2020-04-12,156,1206,9,62
64,248,Norte,AM,2020-04-13,69,1275,9,71
65,249,Norte,AM,2020-04-14,209,1484,19,90
66,250,Norte,AM,2020-04-15,70,1554,16,106
67,251,Norte,AM,2020-04-16,165,1719,18,124
68,252,Norte,AM,2020-04-17,90,1809,21,145
69,253,Norte,AM,2020-04-18,88,1897,16,161
70,254,Norte,AM,2020-04-19,147,2044,21,182
71,255,Norte,AM,2020-04-20,116,2160,3,185
72,256,Norte,AM,2020-04-21,110,2270,8,193
73,257,Norte,AM,2020-04-22,209,2479,14,207
74,258,Norte,AM,2020-04-23,409,2888,27,234
75,259,Norte,AM,2020-04-24,306,3194,21,255
76,260,Norte,AM,2020-04-25,441,3635,32,287
77,326,Norte,RR,2020-04-04,7,37,1,1
78,327,Norte,RR,2020-04-05,5,42,0,1
79,328,Norte,RR,2020-04-06,0,42,0,1
80,329,Norte,RR,2020-04-07,0,42,0,1
81,330,Norte,RR,2020-04-08,7,49,0,1
82,331,Norte,RR,2020-04-09,3,52,0,1
83,332,Norte,RR,2020-04-10,11,63,2,3
84,333,Norte,RR,2020-04-11,12,75,0,3
85,334,Norte,RR,2020-04-12,4,79,0,3
86,335,Norte,RR,2020-04-13,4,83,0,3
87,336,Norte,RR,2020-04-14,30,113,0,3
88,337,Norte,RR,2020-04-15,1,114,0,3
89,338,Norte,RR,2020-04-16,28,142,0,3
90,339,Norte,RR,2020-04-17,22,164,0,3
91,340,Norte,RR,2020-04-18,37,201,0,3
92,341,Norte,RR,2020-04-19,21,222,0,3
93,342,Norte,RR,2020-04-20,22,244,0,3
94,343,Norte,RR,2020-04-21,3,247,0,3
95,344,Norte,RR,2020-04-22,33,280,0,3
96,345,Norte,RR,2020-04-23,17,297,0,3
97,346,Norte,RR,2020-04-24,7,304,0,3
98,347,Norte,RR,2020-04-25,41,345,0,3
99,410,Norte,PA,2020-04-01,8,40,1,1
100,411,Norte,PA,2020-04-02,6,46,0,1
101,412,Norte,PA,2020-04-03,4,50,0,1
102,413,Norte,PA,2020-04-04,30,80,0,1
103,414,Norte,PA,2020-04-05,6,86,0,1
104,415,Norte,PA,2020-04-06,16,102,2,3
105,416,Norte,PA,2020-04-07,36,138,2,5
106,417,Norte,PA,2020-04-08,29,167,1,6
107,418,Norte,PA,2020-04-09,1,168,1,7
108,419,Norte,PA,2020-04-10,2,170,2,9
109,420,Norte,PA,2020-04-11,47,217,1,10
110,421,Norte,PA,2020-04-12,29,246,3,13
111,422,Norte,PA,2020-04-13,24,270,2,15
112,423,Norte,PA,2020-04-14,53,323,4,19
113,424,Norte,PA,2020-04-15,61,384,2,21
114,425,Norte,PA,2020-04-16,54,438,3,24
115,426,Norte,PA,2020-04-17,119,557,2,26
116,427,Norte,PA,2020-04-18,83,640,7,33
117,428,Norte,PA,2020-04-19,45,685,1,34
118,429,Norte,PA,2020-04-20,217,902,1,35
119,430,Norte,PA,2020-04-21,124,1026,3,38
120,431,Norte,PA,2020-04-22,169,1195,5,43
121,432,Norte,PA,2020-04-23,72,1267,10,53
122,433,Norte,PA,2020-04-24,179,1446,22,75
123,434,Norte,PA,2020-04-25,133,1579,11,86
124,500,Norte,AP,2020-04-04,9,28,1,1
125,501,Norte,AP,2020-04-05,1,29,1,2
126,502,Norte,AP,2020-04-06,5,34,0,2
127,503,Norte,AP,2020-04-07,14,48,0,2
128,504,Norte,AP,2020-04-08,59,107,0,2
129,505,Norte,AP,2020-04-09,21,128,0,2
130,506,Norte,AP,2020-04-10,38,166,0,2
131,507,Norte,AP,2020-04-11,27,193,1,3
132,508,Norte,AP,2020-04-12,37,230,2,5
133,509,Norte,AP,2020-04-13,12,242,0,5
134,510,Norte,AP,2020-04-14,65,307,1,6
135,511,Norte,AP,2020-04-15,27,334,1,7
136,512,Norte,AP,2020-04-16,28,362,2,9
137,513,Norte,AP,2020-04-17,8,370,1,10
138,514,Norte,AP,2020-04-18,23,393,0,10
139,515,Norte,AP,2020-04-19,23,416,1,11
140,516,Norte,AP,2020-04-20,17,433,2,13
141,517,Norte,AP,2020-04-21,24,457,0,13
142,518,Norte,AP,2020-04-22,22,479,1,14
143,519,Norte,AP,2020-04-23,69,548,2,16
144,520,Norte,AP,2020-04-24,85,633,2,18
145,521,Norte,AP,2020-04-25,52,685,1,19
146,598,Norte,TO,2020-04-15,0,26,1,1
147,599,Norte,TO,2020-04-16,3,29,0,1
148,600,Norte,TO,2020-04-17,2,31,0,1
149,601,Norte,TO,2020-04-18,2,33,0,1
150,602,Norte,TO,2020-04-19,0,33,0,1
151,603,Norte,TO,2020-04-20,1,34,0,1
152,604,Norte,TO,2020-04-21,3,37,0,1
153,605,Norte,TO,2020-04-22,0,37,0,1
154,606,Norte,TO,2020-04-23,0,37,1,2
155,607,Norte,TO,2020-04-24,6,43,0,2
156,608,Norte,TO,2020-04-25,7,50,0,2
157,669,Nordeste,MA,2020-03-30,7,23,1,1
158,670,Nordeste,MA,2020-03-31,8,31,0,1
159,671,Nordeste,MA,2020-04-01,21,52,0,1
160,672,Nordeste,MA,2020-04-02,19,71,0,1
161,673,Nordeste,MA,2020-04-03,10,81,0,1
162,674,Nordeste,MA,2020-04-04,7,88,0,1
163,675,Nordeste,MA,2020-04-05,8,96,1,2
164,676,Nordeste,MA,2020-04-06,37,133,0,2
165,677,Nordeste,MA,2020-04-07,39,172,2,4
166,678,Nordeste,MA,2020-04-08,58,230,7,11
167,679,Nordeste,MA,2020-04-09,43,273,1,12
168,680,Nordeste,MA,2020-04-10,20,293,4,16
169,681,Nordeste,MA,2020-04-11,51,344,5,21
170,682,Nordeste,MA,2020-04-12,54,398,3,24
171,683,Nordeste,MA,2020-04-13,47,445,3,27
172,684,Nordeste,MA,2020-04-14,33,478,5,32
173,685,Nordeste,MA,2020-04-15,152,630,2,34
174,686,Nordeste,MA,2020-04-16,65,695,3,37
175,687,Nordeste,MA,2020-04-17,102,797,3,40
176,688,Nordeste,MA,2020-04-18,243,1040,4,44
177,689,Nordeste,MA,2020-04-19,165,1205,4,48
178,690,Nordeste,MA,2020-04-20,115,1320,6,54
179,691,Nordeste,MA,2020-04-21,76,1396,6,60
180,692,Nordeste,MA,2020-04-22,208,1604,6,66
181,693,Nordeste,MA,2020-04-23,153,1757,10,76
182,694,Nordeste,MA,2020-04-24,194,1951,12,88
183,695,Nordeste,MA,2020-04-25,154,2105,12,100
184,754,Nordeste,PI,2020-03-28,2,11,1,1
185,755,Nordeste,PI,2020-03-29,3,14,0,1
186,756,Nordeste,PI,2020-03-30,2,16,2,3
187,757,Nordeste,PI,2020-03-31,2,18,1,4
188,758,Nordeste,PI,2020-04-01,0,18,0,4
189,759,Nordeste,PI,2020-04-02,1,19,0,4
190,760,Nordeste,PI,2020-04-03,2,21,0,4
191,761,Nordeste,PI,2020-04-04,1,22,0,4
192,762,Nordeste,PI,2020-04-05,1,23,0,4
193,763,Nordeste,PI,2020-04-06,0,23,0,4
194,764,Nordeste,PI,2020-04-07,5,28,0,4
195,765,Nordeste,PI,2020-04-08,3,31,1,5
196,766,Nordeste,PI,2020-04-09,7,38,1,6
197,767,Nordeste,PI,2020-04-10,2,40,1,7
198,768,Nordeste,PI,2020-04-11,1,41,0,7
199,769,Nordeste,PI,2020-04-12,3,44,0,7
200,770,Nordeste,PI,2020-04-13,6,50,1,8
201,771,Nordeste,PI,2020-04-14,8,58,0,8
202,772,Nordeste,PI,2020-04-15,17,75,0,8
203,773,Nordeste,PI,2020-04-16,16,91,0,8
204,774,Nordeste,PI,2020-04-17,11,102,0,8
205,775,Nordeste,PI,2020-04-18,21,123,1,9
206,776,Nordeste,PI,2020-04-19,22,145,1,10
207,777,Nordeste,PI,2020-04-20,13,158,2,12
208,778,Nordeste,PI,2020-04-21,28,186,2,14
209,779,Nordeste,PI,2020-04-22,20,206,1,15
210,780,Nordeste,PI,2020-04-23,11,217,0,15
211,781,Nordeste,PI,2020-04-24,39,256,1,16
212,782,Nordeste,PI,2020-04-25,41,297,1,17
213,839,Nordeste,CE,2020-03-26,35,235,3,3
214,840,Nordeste,CE,2020-03-27,47,282,0,3
215,841,Nordeste,CE,2020-03-28,32,314,1,4
216,842,Nordeste,CE,2020-03-29,34,348,1,5
217,843,Nordeste,CE,2020-03-30,24,372,0,5
218,844,Nordeste,CE,2020-03-31,18,390,2,7
219,845,Nordeste,CE,2020-04-01,54,444,1,8
220,846,Nordeste,CE,2020-04-02,106,550,12,20
221,847,Nordeste,CE,2020-04-03,77,627,2,22
222,848,Nordeste,CE,2020-04-04,103,730,0,22
223,849,Nordeste,CE,2020-04-05,93,823,4,26
224,850,Nordeste,CE,2020-04-06,190,1013,3,29
225,851,Nordeste,CE,2020-04-07,38,1051,2,31
226,852,Nordeste,CE,2020-04-08,240,1291,12,43
227,853,Nordeste,CE,2020-04-09,134,1425,12,55
228,854,Nordeste,CE,2020-04-10,53,1478,3,58
229,855,Nordeste,CE,2020-04-11,104,1582,9,67
230,856,Nordeste,CE,2020-04-12,94,1676,7,74
231,857,Nordeste,CE,2020-04-13,124,1800,17,91
232,858,Nordeste,CE,2020-04-14,205,2005,16,107
233,859,Nordeste,CE,2020-04-15,152,2157,9,116
234,860,Nordeste,CE,2020-04-16,229,2386,8,124
235,861,Nordeste,CE,2020-04-17,298,2684,25,149
236,862,Nordeste,CE,2020-04-18,350,3034,27,176
237,863,Nordeste,CE,2020-04-19,218,3252,10,186
238,864,Nordeste,CE,2020-04-20,230,3482,12,198
239,865,Nordeste,CE,2020-04-21,234,3716,17,215
240,866,Nordeste,CE,2020-04-22,194,3910,18,233
241,867,Nordeste,CE,2020-04-23,688,4598,33,266
242,868,Nordeste,CE,2020-04-24,202,4800,18,284
243,869,Nordeste,CE,2020-04-25,621,5421,26,310
244,929,Nordeste,RN,2020-03-29,23,68,1,1
245,930,Nordeste,RN,2020-03-30,9,77,0,1
246,931,Nordeste,RN,2020-03-31,5,82,0,1
247,932,Nordeste,RN,2020-04-01,10,92,1,2
248,933,Nordeste,RN,2020-04-02,13,105,0,2
249,934,Nordeste,RN,2020-04-03,71,176,2,4
250,935,Nordeste,RN,2020-04-04,36,212,1,5
251,936,Nordeste,RN,2020-04-05,30,242,2,7
252,937,Nordeste,RN,2020-04-06,4,246,0,7
253,938,Nordeste,RN,2020-04-07,8,254,1,8
254,939,Nordeste,RN,2020-04-08,7,261,3,11
255,940,Nordeste,RN,2020-04-09,0,261,0,11
256,941,Nordeste,RN,2020-04-10,2,263,0,11
257,942,Nordeste,RN,2020-04-11,26,289,2,13
258,943,Nordeste,RN,2020-04-12,13,302,2,15
259,944,Nordeste,RN,2020-04-13,37,339,2,17
260,945,Nordeste,RN,2020-04-14,37,376,1,18
261,946,Nordeste,RN,2020-04-15,23,399,1,19
262,947,Nordeste,RN,2020-04-16,1,400,1,20
263,948,Nordeste,RN,2020-04-17,63,463,3,23
264,949,Nordeste,RN,2020-04-18,53,516,1,24
265,950,Nordeste,RN,2020-04-19,15,531,1,25
266,951,Nordeste,RN,2020-04-20,64,595,2,27
267,952,Nordeste,RN,2020-04-21,13,608,1,28
268,953,Nordeste,RN,2020-04-22,38,646,1,29
269,954,Nordeste,RN,2020-04-23,62,708,5,34
270,955,Nordeste,RN,2020-04-24,46,754,4,38
271,956,Nordeste,RN,2020-04-25,27,781,2,40
272,1019,Nordeste,PB,2020-04-01,3,20,1,1
273,1020,Nordeste,PB,2020-04-02,1,21,0,1
274,1021,Nordeste,PB,2020-04-03,8,29,0,1
275,1022,Nordeste,PB,2020-04-04,3,32,1,2
276,1023,Nordeste,PB,2020-04-05,2,34,2,4
277,1024,Nordeste,PB,2020-04-06,1,35,0,4
278,1025,Nordeste,PB,2020-04-07,1,36,0,4
279,1026,Nordeste,PB,2020-04-08,5,41,0,4
280,1027,Nordeste,PB,2020-04-09,14,55,3,7
281,1028,Nordeste,PB,2020-04-10,24,79,4,11
282,1029,Nordeste,PB,2020-04-11,6,85,0,11
283,1030,Nordeste,PB,2020-04-12,16,101,2,13
284,1031,Nordeste,PB,2020-04-13,10,111,0,13
285,1032,Nordeste,PB,2020-04-14,25,136,3,16
286,1033,Nordeste,PB,2020-04-15,15,151,5,21
287,1034,Nordeste,PB,2020-04-16,14,165,3,24
288,1035,Nordeste,PB,2020-04-17,30,195,2,26
289,1036,Nordeste,PB,2020-04-18,10,205,0,26
290,1037,Nordeste,PB,2020-04-19,31,236,3,29
291,1038,Nordeste,PB,2020-04-20,9,245,3,32
292,1039,Nordeste,PB,2020-04-21,18,263,1,33
293,1040,Nordeste,PB,2020-04-22,38,301,6,39
294,1041,Nordeste,PB,2020-04-23,44,345,1,40
295,1042,Nordeste,PB,2020-04-24,41,386,4,44
296,1043,Nordeste,PB,2020-04-25,61,447,2,46
297,1099,Nordeste,PE,2020-03-25,4,46,1,1
298,1100,Nordeste,PE,2020-03-26,2,48,2,3
299,1101,Nordeste,PE,2020-03-27,8,56,1,4
300,1102,Nordeste,PE,2020-03-28,12,68,1,5
301,1103,Nordeste,PE,2020-03-29,5,73,0,5
302,1104,Nordeste,PE,2020-03-30,5,78,1,6
303,1105,Nordeste,PE,2020-03-31,9,87,0,6
304,1106,Nordeste,PE,2020-04-01,8,95,2,8
305,1107,Nordeste,PE,2020-04-02,11,106,1,9
306,1108,Nordeste,PE,2020-04-03,30,136,1,10
307,1109,Nordeste,PE,2020-04-04,40,176,4,14
308,1110,Nordeste,PE,2020-04-05,25,201,7,21
309,1111,Nordeste,PE,2020-04-06,22,223,9,30
310,1112,Nordeste,PE,2020-04-07,129,352,4,34
311,1113,Nordeste,PE,2020-04-08,49,401,12,46
312,1114,Nordeste,PE,2020-04-09,154,555,10,56
313,1115,Nordeste,PE,2020-04-10,129,684,9,65
314,1116,Nordeste,PE,2020-04-11,132,816,7,72
315,1117,Nordeste,PE,2020-04-12,144,960,13,85
316,1118,Nordeste,PE,2020-04-13,194,1154,17,102
317,1119,Nordeste,PE,2020-04-14,130,1284,13,115
318,1120,Nordeste,PE,2020-04-15,200,1484,28,143
319,1121,Nordeste,PE,2020-04-16,199,1683,17,160
320,1122,Nordeste,PE,2020-04-17,323,2006,26,186
321,1123,Nordeste,PE,2020-04-18,187,2193,19,205
322,1124,Nordeste,PE,2020-04-19,266,2459,11,216
323,1125,Nordeste,PE,2020-04-20,231,2690,18,234
324,1126,Nordeste,PE,2020-04-21,218,2908,26,260
325,1127,Nordeste,PE,2020-04-22,390,3298,22,282
326,1128,Nordeste,PE,2020-04-23,221,3519,30,312
327,1129,Nordeste,PE,2020-04-24,480,3999,40,352
328,1130,Nordeste,PE,2020-04-25,508,4507,29,381
329,1192,Nordeste,AL,2020-03-31,1,18,1,1
330,1193,Nordeste,AL,2020-04-01,0,18,0,1
331,1194,Nordeste,AL,2020-04-02,0,18,0,1
332,1195,Nordeste,AL,2020-04-03,4,22,1,2
333,1196,Nordeste,AL,2020-04-04,1,23,0,2
334,1197,Nordeste,AL,2020-04-05,5,28,0,2
335,1198,Nordeste,AL,2020-04-06,3,31,0,2
336,1199,Nordeste,AL,2020-04-07,1,32,0,2
337,1200,Nordeste,AL,2020-04-08,5,37,0,2
338,1201,Nordeste,AL,2020-04-09,0,37,1,3
339,1202,Nordeste,AL,2020-04-10,8,45,0,3
340,1203,Nordeste,AL,2020-04-11,3,48,0,3
341,1204,Nordeste,AL,2020-04-12,0,48,0,3
342,1205,Nordeste,AL,2020-04-13,2,50,0,3
343,1206,Nordeste,AL,2020-04-14,22,72,1,4
344,1207,Nordeste,AL,2020-04-15,10,82,1,5
345,1208,Nordeste,AL,2020-04-16,7,89,0,5
346,1209,Nordeste,AL,2020-04-17,21,110,2,7
347,1210,Nordeste,AL,2020-04-18,22,132,0,7
348,1211,Nordeste,AL,2020-04-19,27,159,8,15
349,1212,Nordeste,AL,2020-04-20,12,171,3,18
350,1213,Nordeste,AL,2020-04-21,39,210,1,19
351,1214,Nordeste,AL,2020-04-22,33,243,1,20
352,1215,Nordeste,AL,2020-04-23,81,324,2,22
353,1216,Nordeste,AL,2020-04-24,89,413,5,27
354,1217,Nordeste,AL,2020-04-25,88,501,2,29
355,1281,Nordeste,SE,2020-04-02,3,23,2,2
356,1282,Nordeste,SE,2020-04-03,2,25,0,2
357,1283,Nordeste,SE,2020-04-04,2,27,0,2
358,1284,Nordeste,SE,2020-04-05,5,32,1,3
359,1285,Nordeste,SE,2020-04-06,0,32,1,4
360,1286,Nordeste,SE,2020-04-07,4,36,0,4
361,1287,Nordeste,SE,2020-04-08,0,36,0,4
362,1288,Nordeste,SE,2020-04-09,3,39,0,4
363,1289,Nordeste,SE,2020-04-10,3,42,0,4
364,1290,Nordeste,SE,2020-04-11,0,42,0,4
365,1291,Nordeste,SE,2020-04-12,2,44,0,4
366,1292,Nordeste,SE,2020-04-13,0,44,0,4
367,1293,Nordeste,SE,2020-04-14,1,45,0,4
368,1294,Nordeste,SE,2020-04-15,1,46,0,4
369,1295,Nordeste,SE,2020-04-16,2,48,0,4
370,1296,Nordeste,SE,2020-04-17,5,53,0,4
371,1297,Nordeste,SE,2020-04-18,18,71,1,5
372,1298,Nordeste,SE,2020-04-19,12,83,0,5
373,1299,Nordeste,SE,2020-04-20,3,86,0,5
374,1300,Nordeste,SE,2020-04-21,6,92,0,5
375,1301,Nordeste,SE,2020-04-22,25,117,2,7
376,1302,Nordeste,SE,2020-04-23,7,124,1,8
377,1303,Nordeste,SE,2020-04-24,20,144,0,8
378,1304,Nordeste,SE,2020-04-25,9,153,1,9
379,1364,Nordeste,BA,2020-03-29,27,154,1,1
380,1365,Nordeste,BA,2020-03-30,22,176,0,1
381,1366,Nordeste,BA,2020-03-31,37,213,1,2
382,1367,Nordeste,BA,2020-04-01,33,246,0,2
383,1368,Nordeste,BA,2020-04-02,21,267,1,3
384,1369,Nordeste,BA,2020-04-03,15,282,2,5
385,1370,Nordeste,BA,2020-04-04,50,332,2,7
386,1371,Nordeste,BA,2020-04-05,69,401,2,9
387,1372,Nordeste,BA,2020-04-06,30,431,1,10
388,1373,Nordeste,BA,2020-04-07,25,456,2,12
389,1374,Nordeste,BA,2020-04-08,41,497,3,15
390,1375,Nordeste,BA,2020-04-09,62,559,4,19
391,1376,Nordeste,BA,2020-04-10,45,604,0,19
392,1377,Nordeste,BA,2020-04-11,31,635,2,21
393,1378,Nordeste,BA,2020-04-12,38,673,0,21
394,1379,Nordeste,BA,2020-04-13,50,723,1,22
395,1380,Nordeste,BA,2020-04-14,36,759,0,22
396,1381,Nordeste,BA,2020-04-15,48,807,5,27
397,1382,Nordeste,BA,2020-04-16,144,951,3,30
398,1383,Nordeste,BA,2020-04-17,108,1059,6,36
399,1384,Nordeste,BA,2020-04-18,134,1193,1,37
400,1385,Nordeste,BA,2020-04-19,37,1230,8,45
401,1386,Nordeste,BA,2020-04-20,111,1341,1,46
402,1387,Nordeste,BA,2020-04-21,148,1489,1,47
403,1388,Nordeste,BA,2020-04-22,155,1644,3,50
404,1389,Nordeste,BA,2020-04-23,145,1789,9,59
405,1390,Nordeste,BA,2020-04-24,173,1962,5,64
406,1391,Nordeste,BA,2020-04-25,119,2081,6,70
407,1452,Sudeste,MG,2020-03-30,30,261,1,1
408,1453,Sudeste,MG,2020-03-31,14,275,1,2
409,1454,Sudeste,MG,2020-04-01,39,314,1,3
410,1455,Sudeste,MG,2020-04-02,56,370,1,4
411,1456,Sudeste,MG,2020-04-03,27,397,2,6
412,1457,Sudeste,MG,2020-04-04,33,430,0,6
413,1458,Sudeste,MG,2020-04-05,68,498,0,6
414,1459,Sudeste,MG,2020-04-06,27,525,3,9
415,1460,Sudeste,MG,2020-04-07,34,559,2,11
416,1461,Sudeste,MG,2020-04-08,55,614,3,14
417,1462,Sudeste,MG,2020-04-09,41,655,1,15
418,1463,Sudeste,MG,2020-04-10,43,698,2,17
419,1464,Sudeste,MG,2020-04-11,52,750,0,17
420,1465,Sudeste,MG,2020-04-12,56,806,3,20
421,1466,Sudeste,MG,2020-04-13,9,815,3,23
422,1467,Sudeste,MG,2020-04-14,69,884,4,27
423,1468,Sudeste,MG,2020-04-15,19,903,3,30
424,1469,Sudeste,MG,2020-04-16,55,958,3,33
425,1470,Sudeste,MG,2020-04-17,63,1021,2,35
426,1471,Sudeste,MG,2020-04-18,56,1077,4,39
427,1472,Sudeste,MG,2020-04-19,77,1154,0,39
428,1473,Sudeste,MG,2020-04-20,35,1189,2,41
429,1474,Sudeste,MG,2020-04-21,41,1230,3,44
430,1475,Sudeste,MG,2020-04-22,53,1283,3,47
431,1476,Sudeste,MG,2020-04-23,25,1308,4,51
432,1477,Sudeste,MG,2020-04-24,111,1419,3,54
433,1478,Sudeste,MG,2020-04-25,62,1481,4,58
434,1542,Sudeste,ES,2020-04-02,24,120,1,1
435,1543,Sudeste,ES,2020-04-03,19,139,3,4
436,1544,Sudeste,ES,2020-04-04,14,153,1,5
437,1545,Sudeste,ES,2020-04-05,13,166,1,6
438,1546,Sudeste,ES,2020-04-06,28,194,0,6
439,1547,Sudeste,ES,2020-04-07,15,209,0,6
440,1548,Sudeste,ES,2020-04-08,18,227,0,6
441,1549,Sudeste,ES,2020-04-09,46,273,0,6
442,1550,Sudeste,ES,2020-04-10,27,300,1,7
443,1551,Sudeste,ES,2020-04-11,49,349,2,9
444,1552,Sudeste,ES,2020-04-12,34,383,0,9
445,1553,Sudeste,ES,2020-04-13,47,430,5,14
446,1554,Sudeste,ES,2020-04-14,33,463,3,17
447,1555,Sudeste,ES,2020-04-15,94,557,1,18
448,1556,Sudeste,ES,2020-04-16,197,754,4,22
449,1557,Sudeste,ES,2020-04-17,102,856,3,25
450,1558,Sudeste,ES,2020-04-18,96,952,3,28
451,1559,Sudeste,ES,2020-04-19,147,1099,2,30
452,1560,Sudeste,ES,2020-04-20,69,1168,3,33
453,1561,Sudeste,ES,2020-04-21,44,1212,1,34
454,1562,Sudeste,ES,2020-04-22,101,1313,0,34
455,1563,Sudeste,ES,2020-04-23,50,1363,8,42
456,1564,Sudeste,ES,2020-04-24,18,1381,0,42
457,1565,Sudeste,ES,2020-04-25,214,1595,5,47
458,1615,Sudeste,RJ,2020-03-19,20,65,2,2
459,1616,Sudeste,RJ,2020-03-20,44,109,0,2
460,1617,Sudeste,RJ,2020-03-21,10,119,1,3
461,1618,Sudeste,RJ,2020-03-22,67,186,0,3
462,1619,Sudeste,RJ,2020-03-23,47,233,1,4
463,1620,Sudeste,RJ,2020-03-24,72,305,2,6
464,1621,Sudeste,RJ,2020-03-25,65,370,0,6
465,1622,Sudeste,RJ,2020-03-26,51,421,3,9
466,1623,Sudeste,RJ,2020-03-27,72,493,1,10
467,1624,Sudeste,RJ,2020-03-28,65,558,3,13
468,1625,Sudeste,RJ,2020-03-29,42,600,4,17
469,1626,Sudeste,RJ,2020-03-30,57,657,1,18
470,1627,Sudeste,RJ,2020-03-31,51,708,5,23
471,1628,Sudeste,RJ,2020-04-01,124,832,5,28
472,1629,Sudeste,RJ,2020-04-02,160,992,13,41
473,1630,Sudeste,RJ,2020-04-03,82,1074,6,47
474,1631,Sudeste,RJ,2020-04-04,172,1246,11,58
475,1632,Sudeste,RJ,2020-04-05,148,1394,6,64
476,1633,Sudeste,RJ,2020-04-06,67,1461,7,71
477,1634,Sudeste,RJ,2020-04-07,227,1688,18,89
478,1635,Sudeste,RJ,2020-04-08,250,1938,17,106
479,1636,Sudeste,RJ,2020-04-09,278,2216,16,122
480,1637,Sudeste,RJ,2020-04-10,248,2464,25,147
481,1638,Sudeste,RJ,2020-04-11,143,2607,8,155
482,1639,Sudeste,RJ,2020-04-12,248,2855,15,170
483,1640,Sudeste,RJ,2020-04-13,376,3231,18,188
484,1641,Sudeste,RJ,2020-04-14,179,3410,36,224
485,1642,Sudeste,RJ,2020-04-15,333,3743,41,265
486,1643,Sudeste,RJ,2020-04-16,201,3944,35,300
487,1644,Sudeste,RJ,2020-04-17,405,4349,41,341
488,1645,Sudeste,RJ,2020-04-18,194,4543,46,387
489,1646,Sudeste,RJ,2020-04-19,222,4765,15,402
490,1647,Sudeste,RJ,2020-04-20,134,4899,20,422
491,1648,Sudeste,RJ,2020-04-21,407,5306,39,461
492,1649,Sudeste,RJ,2020-04-22,246,5552,29,490
493,1650,Sudeste,RJ,2020-04-23,620,6172,40,530
494,1651,Sudeste,RJ,2020-04-24,110,6282,40,570
495,1652,Sudeste,RJ,2020-04-25,546,6828,45,615
496,1700,Sudeste,SP,2020-03-17,12,164,1,1
497,1701,Sudeste,SP,2020-03-18,76,240,3,4
498,1702,Sudeste,SP,2020-03-19,46,286,0,4
499,1703,Sudeste,SP,2020-03-20,110,396,5,9
500,1704,Sudeste,SP,2020-03-21,63,459,6,15
501,1705,Sudeste,SP,2020-03-22,172,631,7,22
502,1706,Sudeste,SP,2020-03-23,114,745,8,30
503,1707,Sudeste,SP,2020-03-24,65,810,10,40
504,1708,Sudeste,SP,2020-03-25,52,862,8,48
505,1709,Sudeste,SP,2020-03-26,190,1052,10,58
506,1710,Sudeste,SP,2020-03-27,171,1223,10,68
507,1711,Sudeste,SP,2020-03-28,183,1406,16,84
508,1712,Sudeste,SP,2020-03-29,45,1451,14,98
509,1713,Sudeste,SP,2020-03-30,66,1517,15,113
510,1714,Sudeste,SP,2020-03-31,822,2339,23,136
511,1715,Sudeste,SP,2020-04-01,642,2981,28,164
512,1716,Sudeste,SP,2020-04-02,525,3506,24,188
513,1717,Sudeste,SP,2020-04-03,542,4048,31,219
514,1718,Sudeste,SP,2020-04-04,418,4466,41,260
515,1719,Sudeste,SP,2020-04-05,154,4620,15,275
516,1720,Sudeste,SP,2020-04-06,246,4866,29,304
517,1721,Sudeste,SP,2020-04-07,816,5682,67,371
518,1722,Sudeste,SP,2020-04-08,1026,6708,57,428
519,1723,Sudeste,SP,2020-04-09,772,7480,68,496
520,1724,Sudeste,SP,2020-04-10,736,8216,44,540
521,1725,Sudeste,SP,2020-04-11,203,8419,20,560
522,1726,Sudeste,SP,2020-04-12,336,8755,28,588
523,1727,Sudeste,SP,2020-04-13,140,8895,20,608
524,1728,Sudeste,SP,2020-04-14,476,9371,87,695
525,1729,Sudeste,SP,2020-04-15,1672,11043,83,778
526,1730,Sudeste,SP,2020-04-16,525,11568,75,853
527,1731,Sudeste,SP,2020-04-17,1273,12841,75,928
528,1732,Sudeste,SP,2020-04-18,1053,13894,63,991
529,1733,Sudeste,SP,2020-04-19,373,14267,24,1015
530,1734,Sudeste,SP,2020-04-20,313,14580,22,1037
531,1735,Sudeste,SP,2020-04-21,805,15385,56,1093
532,1736,Sudeste,SP,2020-04-22,529,15914,41,1134
533,1737,Sudeste,SP,2020-04-23,826,16740,211,1345
534,1738,Sudeste,SP,2020-04-24,1086,17826,167,1512
535,1739,Sudeste,SP,2020-04-25,2178,20004,155,1667
536,1797,Sul,PR,2020-03-27,17,119,2,2
537,1798,Sul,PR,2020-03-28,14,133,0,2
538,1799,Sul,PR,2020-03-29,15,148,0,2
539,1800,Sul,PR,2020-03-30,7,155,1,3
540,1801,Sul,PR,2020-03-31,24,179,0,3
541,1802,Sul,PR,2020-04-01,45,224,0,3
542,1803,Sul,PR,2020-04-02,28,252,1,4
543,1804,Sul,PR,2020-04-03,49,301,0,4
544,1805,Sul,PR,2020-04-04,94,395,2,6
545,1806,Sul,PR,2020-04-05,43,438,3,9
546,1807,Sul,PR,2020-04-06,20,458,2,11
547,1808,Sul,PR,2020-04-07,45,503,4,15
548,1809,Sul,PR,2020-04-08,36,539,2,17
549,1810,Sul,PR,2020-04-09,70,609,5,22
550,1811,Sul,PR,2020-04-10,34,643,3,25
551,1812,Sul,PR,2020-04-11,33,676,1,26
552,1813,Sul,PR,2020-04-12,62,738,4,30
553,1814,Sul,PR,2020-04-13,18,756,1,31
554,1815,Sul,PR,2020-04-14,35,791,5,36
555,1816,Sul,PR,2020-04-15,12,803,2,38
556,1817,Sul,PR,2020-04-16,29,832,3,41
557,1818,Sul,PR,2020-04-17,42,874,1,42
558,1819,Sul,PR,2020-04-18,71,945,4,46
559,1820,Sul,PR,2020-04-19,42,987,2,48
560,1821,Sul,PR,2020-04-20,20,1007,3,51
561,1822,Sul,PR,2020-04-21,17,1024,0,51
562,1823,Sul,PR,2020-04-22,39,1063,6,57
563,1824,Sul,PR,2020-04-23,19,1082,3,60
564,1825,Sul,PR,2020-04-24,37,1119,4,64
565,1826,Sul,PR,2020-04-25,21,1140,5,69
566,1883,Sul,SC,2020-03-26,13,122,1,1
567,1884,Sul,SC,2020-03-27,27,149,0,1
568,1885,Sul,SC,2020-03-28,35,184,0,1
569,1886,Sul,SC,2020-03-29,10,194,0,1
570,1887,Sul,SC,2020-03-30,3,197,0,1
571,1888,Sul,SC,2020-03-31,22,219,1,2
572,1889,Sul,SC,2020-04-01,16,235,0,2
573,1890,Sul,SC,2020-04-02,12,247,0,2
574,1891,Sul,SC,2020-04-03,34,281,3,5
575,1892,Sul,SC,2020-04-04,53,334,0,5
576,1893,Sul,SC,2020-04-05,23,357,5,10
577,1894,Sul,SC,2020-04-06,22,379,0,10
578,1895,Sul,SC,2020-04-07,38,417,1,11
579,1896,Sul,SC,2020-04-08,40,457,4,15
580,1897,Sul,SC,2020-04-09,44,501,2,17
581,1898,Sul,SC,2020-04-10,192,693,1,18
582,1899,Sul,SC,2020-04-11,39,732,3,21
583,1900,Sul,SC,2020-04-12,36,768,3,24
584,1901,Sul,SC,2020-04-13,9,777,0,24
585,1902,Sul,SC,2020-04-14,49,826,2,26
586,1903,Sul,SC,2020-04-15,27,853,2,28
587,1904,Sul,SC,2020-04-16,31,884,1,29
588,1905,Sul,SC,2020-04-17,42,926,1,30
589,1906,Sul,SC,2020-04-18,36,962,1,31
590,1907,Sul,SC,2020-04-19,13,975,1,32
591,1908,Sul,SC,2020-04-20,50,1025,3,35
592,1909,Sul,SC,2020-04-21,38,1063,0,35
593,1910,Sul,SC,2020-04-22,28,1091,2,37
594,1911,Sul,SC,2020-04-23,24,1115,2,39
595,1912,Sul,SC,2020-04-24,55,1170,3,42
596,1913,Sul,SC,2020-04-25,39,1209,0,42
597,1969,Sul,RS,2020-03-25,25,123,1,1
598,1970,Sul,RS,2020-03-26,45,168,0,1
599,1971,Sul,RS,2020-03-27,27,195,1,2
600,1972,Sul,RS,2020-03-28,2,197,0,2
601,1973,Sul,RS,2020-03-29,29,226,0,2
602,1974,Sul,RS,2020-03-30,15,241,1,3
603,1975,Sul,RS,2020-03-31,33,274,1,4
604,1976,Sul,RS,2020-04-01,32,306,0,4
605,1977,Sul,RS,2020-04-02,28,334,1,5
606,1978,Sul,RS,2020-04-03,62,396,0,5
607,1979,Sul,RS,2020-04-04,14,410,1,6
608,1980,Sul,RS,2020-04-05,8,418,1,7
609,1981,Sul,RS,2020-04-06,63,481,0,7
610,1982,Sul,RS,2020-04-07,27,508,1,8
611,1983,Sul,RS,2020-04-08,47,555,1,9
612,1984,Sul,RS,2020-04-09,63,618,3,12
613,1985,Sul,RS,2020-04-10,18,636,2,14
614,1986,Sul,RS,2020-04-11,4,640,1,15
615,1987,Sul,RS,2020-04-12,13,653,1,16
616,1988,Sul,RS,2020-04-13,11,664,0,16
617,1989,Sul,RS,2020-04-14,36,700,2,18
618,1990,Sul,RS,2020-04-15,47,747,1,19
619,1991,Sul,RS,2020-04-16,33,780,0,19
620,1992,Sul,RS,2020-04-17,22,802,3,22
621,1993,Sul,RS,2020-04-18,29,831,2,24
622,1994,Sul,RS,2020-04-19,23,854,0,24
623,1995,Sul,RS,2020-04-20,35,889,3,27
624,1996,Sul,RS,2020-04-21,15,904,0,27
625,1997,Sul,RS,2020-04-22,19,923,0,27
626,1998,Sul,RS,2020-04-23,71,994,2,29
627,1999,Sul,RS,2020-04-24,67,1061,2,31
628,2000,Sul,RS,2020-04-25,35,1096,3,34
629,2062,Centro-Oeste,MS,2020-03-31,4,48,1,1
630,2063,Centro-Oeste,MS,2020-04-01,3,51,0,1
631,2064,Centro-Oeste,MS,2020-04-02,2,53,0,1
632,2065,Centro-Oeste,MS,2020-04-03,7,60,0,1
633,2066,Centro-Oeste,MS,2020-04-04,2,62,0,1
634,2067,Centro-Oeste,MS,2020-04-05,3,65,0,1
635,2068,Centro-Oeste,MS,2020-04-06,1,66,0,1
636,2069,Centro-Oeste,MS,2020-04-07,14,80,1,2
637,2070,Centro-Oeste,MS,2020-04-08,5,85,0,2
638,2071,Centro-Oeste,MS,2020-04-09,4,89,0,2
639,2072,Centro-Oeste,MS,2020-04-10,8,97,0,2
640,2073,Centro-Oeste,MS,2020-04-11,3,100,0,2
641,2074,Centro-Oeste,MS,2020-04-12,1,101,0,2
642,2075,Centro-Oeste,MS,2020-04-13,12,113,2,4
643,2076,Centro-Oeste,MS,2020-04-14,2,115,0,4
644,2077,Centro-Oeste,MS,2020-04-15,6,121,0,4
645,2078,Centro-Oeste,MS,2020-04-16,10,131,1,5
646,2079,Centro-Oeste,MS,2020-04-17,12,143,0,5
647,2080,Centro-Oeste,MS,2020-04-18,18,161,0,5
648,2081,Centro-Oeste,MS,2020-04-19,7,168,0,5
649,2082,Centro-Oeste,MS,2020-04-20,3,171,0,5
650,2083,Centro-Oeste,MS,2020-04-21,2,173,1,6
651,2084,Centro-Oeste,MS,2020-04-22,2,175,0,6
652,2085,Centro-Oeste,MS,2020-04-23,11,186,1,7
653,2086,Centro-Oeste,MS,2020-04-24,27,213,0,7
654,2087,Centro-Oeste,MS,2020-04-25,4,217,0,7
655,2152,Centro-Oeste,MT,2020-04-03,8,44,1,1
656,2153,Centro-Oeste,MT,2020-04-04,12,56,0,1
657,2154,Centro-Oeste,MT,2020-04-05,4,60,0,1
658,2155,Centro-Oeste,MT,2020-04-06,16,76,0,1
659,2156,Centro-Oeste,MT,2020-04-07,2,78,0,1
660,2157,Centro-Oeste,MT,2020-04-08,12,90,0,1
661,2158,Centro-Oeste,MT,2020-04-09,18,108,1,2
662,2159,Centro-Oeste,MT,2020-04-10,4,112,0,2
663,2160,Centro-Oeste,MT,2020-04-11,9,121,1,3
664,2161,Centro-Oeste,MT,2020-04-12,2,123,0,3
665,2162,Centro-Oeste,MT,2020-04-13,11,134,1,4
666,2163,Centro-Oeste,MT,2020-04-14,4,138,0,4
667,2164,Centro-Oeste,MT,2020-04-15,13,151,0,4
668,2165,Centro-Oeste,MT,2020-04-16,5,156,1,5
669,2166,Centro-Oeste,MT,2020-04-17,6,162,0,5
670,2167,Centro-Oeste,MT,2020-04-18,9,171,0,5
671,2168,Centro-Oeste,MT,2020-04-19,3,174,0,5
672,2169,Centro-Oeste,MT,2020-04-20,7,181,1,6
673,2170,Centro-Oeste,MT,2020-04-21,0,181,0,6
674,2171,Centro-Oeste,MT,2020-04-22,2,183,0,6
675,2172,Centro-Oeste,MT,2020-04-23,38,221,1,7
676,2173,Centro-Oeste,MT,2020-04-24,19,240,1,8
677,2174,Centro-Oeste,MT,2020-04-25,7,247,1,9
678,2231,Centro-Oeste,GO,2020-03-26,10,39,1,1
679,2232,Centro-Oeste,GO,2020-03-27,10,49,0,1
680,2233,Centro-Oeste,GO,2020-03-28,7,56,0,1
681,2234,Centro-Oeste,GO,2020-03-29,2,58,0,1
682,2235,Centro-Oeste,GO,2020-03-30,3,61,0,1
683,2236,Centro-Oeste,GO,2020-03-31,4,65,0,1
684,2237,Centro-Oeste,GO,2020-04-01,6,71,0,1
685,2238,Centro-Oeste,GO,2020-04-02,2,73,0,1
686,2239,Centro-Oeste,GO,2020-04-03,15,88,1,2
687,2240,Centro-Oeste,GO,2020-04-04,15,103,0,2
688,2241,Centro-Oeste,GO,2020-04-05,12,115,1,3
689,2242,Centro-Oeste,GO,2020-04-06,4,119,2,5
690,2243,Centro-Oeste,GO,2020-04-07,14,133,0,5
691,2244,Centro-Oeste,GO,2020-04-08,25,158,2,7
692,2245,Centro-Oeste,GO,2020-04-09,21,179,0,7
693,2246,Centro-Oeste,GO,2020-04-10,12,191,1,8
694,2247,Centro-Oeste,GO,2020-04-11,18,209,2,10
695,2248,Centro-Oeste,GO,2020-04-12,20,229,4,14
696,2249,Centro-Oeste,GO,2020-04-13,4,233,1,15
697,2250,Centro-Oeste,GO,2020-04-14,51,284,0,15
698,2251,Centro-Oeste,GO,2020-04-15,20,304,0,15
699,2252,Centro-Oeste,GO,2020-04-16,14,318,1,16
700,2253,Centro-Oeste,GO,2020-04-17,17,335,0,16
701,2254,Centro-Oeste,GO,2020-04-18,43,378,2,18
702,2255,Centro-Oeste,GO,2020-04-19,15,393,0,18
703,2256,Centro-Oeste,GO,2020-04-20,10,403,1,19
704,2257,Centro-Oeste,GO,2020-04-21,18,421,0,19
705,2258,Centro-Oeste,GO,2020-04-22,17,438,2,21
706,2259,Centro-Oeste,GO,2020-04-23,15,453,2,23
707,2260,Centro-Oeste,GO,2020-04-24,33,486,1,24
708,2261,Centro-Oeste,GO,2020-04-25,20,506,1,25
709,2321,Centro-Oeste,DF,2020-03-29,29,289,1,1
710,2322,Centro-Oeste,DF,2020-03-30,23,312,0,1
711,2323,Centro-Oeste,DF,2020-03-31,20,332,2,3
712,2324,Centro-Oeste,DF,2020-04-01,23,355,0,3
713,2325,Centro-Oeste,DF,2020-04-02,15,370,1,4
714,2326,Centro-Oeste,DF,2020-04-03,32,402,1,5
715,2327,Centro-Oeste,DF,2020-04-04,52,454,2,7
716,2328,Centro-Oeste,DF,2020-04-05,14,468,0,7
717,2329,Centro-Oeste,DF,2020-04-06,5,473,3,10
718,2330,Centro-Oeste,DF,2020-04-07,19,492,2,12
719,2331,Centro-Oeste,DF,2020-04-08,17,509,0,12
720,2332,Centro-Oeste,DF,2020-04-09,18,527,1,13
721,2333,Centro-Oeste,DF,2020-04-10,28,555,1,14
722,2334,Centro-Oeste,DF,2020-04-11,24,579,0,14
723,2335,Centro-Oeste,DF,2020-04-12,35,614,0,14
724,2336,Centro-Oeste,DF,2020-04-13,24,638,1,15
725,2337,Centro-Oeste,DF,2020-04-14,13,651,2,17
726,2338,Centro-Oeste,DF,2020-04-15,31,682,0,17
727,2339,Centro-Oeste,DF,2020-04-16,34,716,3,20
728,2340,Centro-Oeste,DF,2020-04-17,30,746,0,20
729,2341,Centro-Oeste,DF,2020-04-18,16,762,4,24
730,2342,Centro-Oeste,DF,2020-04-19,65,827,0,24
731,2343,Centro-Oeste,DF,2020-04-20,45,872,0,24
732,2344,Centro-Oeste,DF,2020-04-21,9,881,0,24
733,2345,Centro-Oeste,DF,2020-04-22,65,946,1,25
734,2346,Centro-Oeste,DF,2020-04-23,17,963,0,25
735,2347,Centro-Oeste,DF,2020-04-24,26,989,1,26
736,2348,Centro-Oeste,DF,2020-04-25,24,1013,0,26
